{
  "elements": {
    "button1": {
      "type": "Button",
      "name": "button1",
      "text": "Press Me",
      "x": 123,
      "y": 107,
      "w": 152,
      "h": 81
    }
  },
  "custom_code": "",
  "preserved_handlers": {
    "on_button1_click": "    # Code for on_button1_click\n\n    num1 = simpledialog.askinteger(\"Title\", \"Enter num1:\")\n    num2 = simpledialog.askinteger(\"Title\", \"Enter num2:\")\n    operator = simpledialog.askstring(\"Title\", \"Enter operator:\")\n\n    if operator == \"+\":\n        result = num1 + num2\n    else:\n        result = \"Unknown operator entered\"\n\n    messagebox.showinfo(\"Title\", result)"
  },
  "canvas_width": 400,
  "canvas_height": 300,
  "canvas_title": "My First App"
}